{"x6wI9t8EJaJqBPoNxpSMkA==":"promote%20page%205-2000x741.png","tv4Inthv7PvzZ7LIXTus7g==":"promote%20page-2000x741.png","ObjL3Syj5cFL++rKsW2oQw==":"shanur%20grill-500x500.png","w8huZ1q6q2eDhrU/i6ew/Q==":"1532444752-helton-round-logo-yellow-stroke-900-by-900-500x500.png","HJWfICA3q0i5Odh8m8rC7w==":"cindy%20round%20logo-500x500.png","wxLC0pkM/y5ko6Oto0slGw==":"soho-500x500.png","IFtsAQ9+iVNxL5P4ZRpz1w==":"btob%20round%20logo%20yellow%20stroke%20900%20by%20900-500x500.png","dhuMOq2T6rD2b63c44vdOQ==":"bees%20round%20logo%20yellow%20stroke%20900%20by%20900-500x500.png","K6q5JkaiRCUf4mWlRSd7SQ==":"latona%20round%20logo%20yellow%20stroke%20900%20by%20900-500x500.png","LctvT2b6uRh1rQ+pSjfu6Q==":"mado%20logo%20blue%20stroke%20900%20by%20900-500x500.png","bBw7m2QwPdm2Vwzm2sOlaw==":"moka%20and%20more%20round%20logo%20brown%20stroke%20900%20by%20900-500x500.png","Q/LtdI2U8TgpCz1ZSNpPqQ==":"padisah%20round%20logo%20red%20stroke%20900%20by%20900-500x500.png","NXMS88nBlldHxsYbEKwmUg==":"mastana%20round%20logo%20orange%20stroke%20900%20by%20900-500x500.png","vis03uiUL32iY5g6/pttEQ==":"pizza%20modena%20logo%20yellow%20stroke%20900%20by%20900-500x500.png","mODkbDQBWS1/tkbYxulkIw==":"roma%20round%20logo%20yellow%20stroke%20900%20by%20900-500x500.png","oDv1mb/ZH/OpRd3mXyjiag==":"version%202%20-%20white%20text%20red%20stroke%2090px%20h-96x16.png","/lsJNU8sJlORo4zADWybrA==":"version%202%20-%20white%20text%20red%20stroke-576x99.png","bZbJkOnqw+4zBbfLizVAng==":"version%201%20-%20white%20%20text%20red%20stroke-192x192.png","som6caZqW0YfjXZTh5kkGw==":"lalo%20pizza%20round-500x500.png","18ulNble76h0Iyw2gxF+Bg==":"pizza%20hut%20old%20round-500x500.png","LZNMNqms0H8HMY5Bs1JKxw==":"cafe%20barbera%20baxtyari-500x500.png","cyzodR3pcoSu/EbL7KgREQ==":"cheesy-500x500.png","//4aeORWPv3SxY7VEwLucQ==":"ady%20beef%20house%20round%20logo-500x500.png","bI7ayUbiOXq+XWANpFP9IA==":"cow%20round%20logo-500x500.png","oTNwlYuNNw4PyPtzLJC7Yg==":"shawarma%20and%20more%20round%20logo%20red%20stroke%20900%20by%20900-500x500.png","r6pJcutuJZdHTH7C51W96g==":"mali%20agha%20round%20logo-500x500.png","YhK4wfR6T9UCVW4QnwW5mg==":"btob%20round%20logo%20yellow%20stroke%20900%20by%20900-300x300.png","PQ7N6CtMjXUvYjLUnc14DA==":"dario-_round_logo_bronzstroke-500x500.png","QFPA1H+WZuIQDYPyORUd8w==":"deniz%20round%20logo-500x500.png","sRMRCkV9e560oN56HQl29A==":"bull%20round%20logo%20yellow%20stroke%20900%20by%20900-500x500.png","jvmgEzTn9XLozks3by/KNA==":"broasted%20-%20round%20logo%20orange%20stroke%20900%20by%20900-500x500.png","mULHpAIO6Zh0Enk9cB6qGg==":"deniz%20round%20logo-500x500.png","PQX7QcBbhjs3PuAvu/KGjQ==":"masi%20dabashan%202%20round%20logo-500x500.png","dV32EDJVrSBJC6x3B7I9BQ==":"hawbash-240x244.jpg","ERu5q3gKHuIUiP3pl5Hpxw==":"hana-240x240.jpg","SBsMYSzvcmtyY0aZAVoHgA==":"0114-2000x2000.jpg","CDCB0cRSa6QWxatBJ+eANg==":"mbr-1920x1280.jpg","4P6u4kpUaRUYOyjfYgzmGg==":"mbr-1-1920x1280.jpg","aZz81bZzXAVrc+AoQBuulQ==":"0057-2000x1319.jpg","VO47++FuQu4zOQz09lCjTw==":"testemoni-900x1350.png","fd5dk5iGJQIH08Hkc93ugA==":"testemoni%202-900x1350.png","ig7qjtt3CEADbazWhwazzw==":"images-240x131.jpg","LxFeCVMTSSu107vIGMgmxA==":"images-166x166.jpg"}